Polarity,Term
0.01878025042087542,AAPL
0.12257309941520468,ABNB
-0.023061634867190425,ACB
0.0918859649122807,ACCD
0.0,AG
0.14994107744107746,AI
-0.08055555555555556,AM
0.0017586896534264938,AMC
-0.023611314611314604,AMD
0.0,AMZN
-0.1,ANY
0.0,APP
0.07806883842040091,ASO
0.0,ATH
0.25627951593860676,AYX
0.0,BA
0.013888888888888888,BABA
-2.9708853238265195e-05,BB
0.0,BG
0.04725765306122448,BKR
-0.05833333333333333,BNGO
0.11102434232434234,BNTX
-0.0031609195402298894,BOOM
0.0,BR
0.0,BTX
0.0,CCL
0.06528462773998489,CD
0.0,CDE
0.04833023047281048,CLOV
0.0,CNC
0.07010802469135805,COIN
0.11581981077295894,CRSR
0.0,CUZ
0.0,D
0.04986986391832229,DD
-0.35234374999999996,ELSE
0.0,ET
0.0,EXPI
0.0,F
0.0,FCEL
0.2446590909090909,FLGT
0.0,FSR
0.16507523148148148,FUBO
0.0,GAIN
0.215,GDRX
0.020593113564628274,GME
0.0,GOEV
0.0,GTE
0.0,H
0.0,IBKR
0.7,ICE
0.11828703703703702,IFF
0.0,III
0.05,INO
0.0,IP
0.0,IPOD
0.0,IQ
-0.17499999999999996,JD
0.0,JMIA
-0.006622448979591833,KKR
0.03569573283858998,KNSA
0.0,L
0.0,LAND
0.08106171362750314,LDI
0.0,LEV
0.0,LIFE
0.0,LIVE
0.16666666666666666,LOVE
0.0,M
0.0,MARA
0.0,MIND
0.023928053109087587,MSFT
0.0,MSM
-0.23333333333333336,MSTR
0.0704527417027417,MT
0.003253491081077281,MVIS
0.0,NCLH
-0.015180244473722732,NIO
0.18561507936507934,NNDM
0.0,NNOX
0.12182539682539682,NOK
0.0,NUE
0.0,NYC
0.0,O
-0.03333333333333333,ONE
0.0,OXY
0.0,PENN
0.02752645502645502,PFE
0.02516686453392085,PLTR
0.0,PLUG
-0.06000000000000001,PM
-0.0031609195402298894,POOL
0.0,PSFE
0.0,PTON
0.0,R
0.0,RBLX
-0.0925,REAL
0.0,RH
0.01466913680008159,RKT
0.0,RUN
0.0,SAVE
0.0,SEE
-0.02857142857142858,SHIP
0.05198095803978156,SKLZ
0.0,SM
0.0,SNAP
0.0,SNDL
0.2222222222222222,SP
-0.05925925925925927,SPCE
0.0,SQ
0.0,STAY
0.22000000000000003,SWKS
-0.1,T
0.051070086649796786,TA
-0.11111111111111109,TD
-0.3125,TECH
0.0,TLC
0.0,TLRY
-0.09510060738719275,TSLA
-0.12107142857142858,TURN
0.0,TWTR
-0.3333333333333333,U
0.0,UK
0.0,USA
0.06766024018852114,UWMC
0.0,V
0.19131519274376416,VET
0.13586450726602245,VIAC
0.0,VIACA
0.0,VS
0.0,W
0.18542006532985916,WELL
0.0,WM
0.1509501797637391,WY
0.0,XL
